Title,ITC,US,Production,ITC Info,Channel 4,A&E,Sci Fi UK,KTEH,AV Club,Gigacorp,Unmutual,Lost in the Movies,Nummer 6,Pop Apostle,Theatre of Noise,CUN Wednesday,Anoraks Guide,Reddit1,Reddit2,Reddit3,Reddit4,Reddit5,Reddit6,Reddit7,Reddit8,Reddit9,TrekBBS1,TrekBBS2,TrekBBS3
Arrival,1,1,1,1,1,1,1,1,1,1,1,1,1,1,1,1,1,1,1,1,1,1,1,1,1,1,1,1,1
The Chimes of Big Ben,2,2,5,7,7,5,5,4,5,4,5,5,3,3,3,5,5,10,4,4,5,5,2,5,2,5,5,4,5
A. B. and C.,3,3,10,3,3,6,7,9,8,7,8,8,15,8,8,7,8,13,8,8,8,13,13,7,3,7,11,9,13
Free for All,4,4,2,5,4,2,3,5,3,3,3,3,2,4,4,3,4,4,3,3,3,4,5,4,4,2,2,5,4
The Schizoid Man,5,5,7,4,5,8,8,7,6,8,6,6,6,6,6,8,6,11,6,6,6,6,6,8,5,6,6,7,11
The General,6,6,11,8,8,7,6,8,7,6,7,7,4,7,7,6,7,12,7,7,7,12,12,6,6,8,10,8,12
Many Happy Returns,7,7,13,2,2,9,9,6,10,9,9,9,8,9,13,9,11,5,9,9,9,7,7,9,7,7,8,6,6
Dance of the Dead,8,8,4,12,12,3,2,2,2,2,2,2,7,2,2,2,2,2,2,2,2,2,3,2,8,3,3,2,2
Checkmate,9,11,3,6,6,4,4,3,4,5,4,4,5,5,5,4,3,3,5,5,4,3,4,3,9,4,4,3,3
Hammer into Anvil,10,14,12,10,10,12,12,14,12,12,11,14,14,12,15,12,12,8,12,15,12,10,10,15,10,14,14,14,9
It's Your Funeral,11,10,8,9,9,10,10,11,9,14,15,10,9,14,11,10,9,7,10,10,10,9,9,11,11,11,7,11,8
A Change of Mind,12,13,9,11,11,11,11,13,11,11,10,12,11,11,9,11,10,6,11,11,11,8,8,14,12,12,13,13,7
Do Not Forsake Me Oh My Darling,13,9,14,15,13,13,13,12,14,13,12,13,13,13,10,13,13,15,14,13,14,15,15,12,13,11,12,12,15
Living in Harmony,14,12,15,14,15,14,14,10,13,10,13,11,12,10,14,14,14,14,13,12,13,14,14,13,14,13,9,10,14
The Girl Who Was Death,15,15,16,13,14,15,15,15,15,15,14,15,10,15,12,15,15,9,15,14,15,11,11,10,15,15,15,15,10
Once Upon a Time,16,16,6,16,16,16,16,16,16,16,16,16,16,16,16,16,16,16,16,16,16,16,16,16,16,16,16,16,16
Fall Out,17,17,17,17,17,17,17,17,17,17,17,17,17,17,17,17,17,17,17,17,17,17,17,17,17,17,17,17,17
